{"1.0": 0.40214285714285686, "1.0404040404040404": 0.3950223200712943, "1.0808080808080809": 0.38794708273281864, "1.121212121212121": 0.3809181345131756, "1.1616161616161615": 0.37393646479811127, "1.202020202020202": 0.3670030629733719, "1.2424242424242424": 0.36011891842470334, "1.2828282828282829": 0.35328502053785166, "1.3232323232323233": 0.34650235869856283, "1.3636363636363638": 0.3397719222925832, "1.404040404040404": 0.33309470070565855, "1.4444444444444444": 0.326471683323535, "1.4848484848484849": 0.3199038595319585, "1.5252525252525253": 0.3133922187166753, "1.5656565656565657": 0.30693775026343106, "1.606060606060606": 0.30054144355797235, "1.6464646464646466": 0.29420428798604475, "1.6868686868686869": 0.28792727293339454, "1.7272727272727273": 0.28171138778576776, "1.7676767676767677": 0.2755576219289104, "1.8080808080808082": 0.2694669647485685, "1.8484848484848486": 0.26344040563048815, "1.8888888888888888": 0.25747893396041527, "1.9292929292929295": 0.25158353912409603, "1.9696969696969697": 0.2457552105072765, "2.0101010101010104": 0.23999493749570255, "2.0505050505050506": 0.23430370947512044, "2.090909090909091": 0.22868251583127605, "2.1313131313131315": 0.22313234594991546, "2.1717171717171717": 0.21765418921678473, "2.212121212121212": 0.21224903501763, "2.2525252525252526": 0.2069178727381971, "2.2929292929292933": 0.2016616917642322, "2.3333333333333335": 0.19648148148148142, "2.3737373737373737": 0.19137823127569065, "2.4141414141414144": 0.18635293053260596, "2.4545454545454546": 0.1814065686379735, "2.494949494949495": 0.17654013497753926, "2.5353535353535355": 0.17175461893704924, "2.575757575757576": 0.16705100990224947, "2.6161616161616164": 0.1624302972588861, "2.6565656565656566": 0.1578934703927051, "2.6969696969696972": 0.1534415186894525, "2.7373737373737375": 0.14907543153487438, "2.7777777777777777": 0.1447961983147168, "2.8181818181818183": 0.14060480841472572, "2.858585858585859": 0.1365022512206472, "2.8989898989898992": 0.1324895161182274, "2.9393939393939394": 0.12856759249321228, "2.97979797979798": 0.12473746973134786, "3.0202020202020203": 0.12100013721838022, "3.060606060606061": 0.11735658434005536, "3.101010101010101": 0.11380780048211939, "3.1414141414141414": 0.11035477503031833, "3.181818181818182": 0.10699849737039817, "3.2222222222222223": 0.10373995688810501, "3.262626262626263": 0.10058014296918487, "3.303030303030303": 0.09752004499938383, "3.3434343434343434": 0.0945606523644479, "3.383838383838384": 0.09170295445012308, "3.4242424242424243": 0.08894794064215553, "3.464646464646465": 0.08629660032629116, "3.505050505050505": 0.08374992288827611, "3.545454545454546": 0.08130889771385638, "3.585858585858586": 0.07897451418877803, "3.6262626262626263": 0.07674776169878711, "3.666666666666667": 0.07462962962962963, "3.707070707070707": 0.07262110736705167, "3.747474747474748": 0.07072318429679922, "3.787878787878788": 0.06893684980461841, "3.8282828282828287": 0.0672630932762552, "3.868686868686869": 0.06570290409745567, "3.909090909090909": 0.06425727165396589, "3.94949494949495": 0.06292718533153183, "3.98989898989899": 0.061713634515899604, "4.030303030303031": 0.0606176085928152, "4.070707070707071": 0.059640096948024725, "4.111111111111111": 0.058782088967274174, "4.151515151515152": 0.05804457403630958, "4.191919191919192": 0.05742854154087703, "4.232323232323233": 0.056934980866722544, "4.272727272727273": 0.05656488139959216, "4.313131313131313": 0.05631923252523193, "4.353535353535354": 0.056199023629387904, "4.3939393939393945": 0.056205244097806105, "4.434343434343434": 0.05633888331623259, "4.474747474747475": 0.0566009306704134, "4.515151515151516": 0.056992375546094584, "4.555555555555555": 0.05751420732902217, "4.595959595959597": 0.058167415404942226, "4.636363636363637": 0.05895298915960076, "4.6767676767676765": 0.059871917978743826, "4.717171717171718": 0.06092519124811752, "4.757575757575758": 0.062113798353467795, "4.7979797979797985": 0.06343872868054076, "4.838383838383839": 0.06490097161508247, "4.878787878787879": 0.06650151654283887, "4.91919191919192": 0.06824135284955613, "4.95959595959596": 0.07012146992098021, "5.0": 0.07214285714285715}