{"1.0": 3.3007142857142853, "1.0404040404040404": 3.2859859219143974, "1.0808080808080809": 3.271477460874971, "1.121212121212121": 3.25718725361976, "1.1616161616161615": 3.2431136511725223, "1.202020202020202": 3.2292550045570136, "1.2424242424242424": 3.2156096647969927, "1.2828282828282829": 3.202175982916213, "1.3232323232323233": 3.1889523099384323, "1.3636363636363638": 3.1759369968874096, "1.404040404040404": 3.1631283947868987, "1.4444444444444444": 3.1505248546606563, "1.4848484848484849": 3.1381247275324404, "1.5252525252525253": 3.1259263644260074, "1.5656565656565657": 3.1139281163651114, "1.606060606060606": 3.102128334373513, "1.6464646464646466": 3.090525369474966, "1.6868686868686869": 3.079117572693228, "1.7272727272727273": 3.0679032950520546, "1.7676767676767677": 3.0568808875752045, "1.8080808080808082": 3.0460487012864323, "1.8484848484848486": 3.0354050872094946, "1.8888888888888888": 3.024948396368149, "1.9292929292929295": 3.014676979786152, "1.9696969696969697": 3.0045891884872593, "2.0101010101010104": 2.994683373495229, "2.0505050505050506": 2.9849578858338166, "2.090909090909091": 2.9754110765267785, "2.1313131313131315": 2.966041296597872, "2.1717171717171717": 2.9568468970708532, "2.212121212121212": 2.9478262289694794, "2.2525252525252526": 2.9389776433175068, "2.2929292929292933": 2.930299491138691, "2.3333333333333335": 2.9217901234567902, "2.3737373737373737": 2.9134478912955597, "2.4141414141414144": 2.9052711456787566, "2.4545454545454546": 2.897258237630138, "2.494949494949495": 2.8894075181734604, "2.5353535353535355": 2.881717338332479, "2.575757575757576": 2.8741860491309525, "2.6161616161616164": 2.8668120015926357, "2.6565656565656566": 2.8595935467412867, "2.6969696969696972": 2.8525290356006607, "2.7373737373737375": 2.8456168191945155, "2.7777777777777777": 2.838855248546606, "2.8181818181818183": 2.8322426746806912, "2.858585858585859": 2.8257774486205256, "2.8989898989898992": 2.819457921389867, "2.9393939393939394": 2.8132824440124717, "2.97979797979798": 2.807249367512096, "3.0202020202020203": 2.8013570429124965, "3.060606060606061": 2.7956038212374303, "3.101010101010101": 2.789988053510653, "3.1414141414141414": 2.784508090755923, "3.181818181818182": 2.7791622839969947, "3.2222222222222223": 2.7739489842576264, "3.262626262626263": 2.768866542561574, "3.303030303030303": 2.763913309932594, "3.3434343434343434": 2.759087637394443, "3.383838383838384": 2.754387875970878, "3.4242424242424243": 2.749812376685655, "3.464646464646465": 2.7453594905625316, "3.505050505050505": 2.741027568625263, "3.545454545454546": 2.736814961897607, "3.585858585858586": 2.732720021403319, "3.6262626262626263": 2.7287410981661573, "3.666666666666667": 2.7248765432098767, "3.707070707070707": 2.7211247075582357, "3.747474747474748": 2.7174839422349883, "3.787878787878788": 2.7139525982638935, "3.8282828282828287": 2.7105290266687065, "3.868686868686869": 2.707211578473185, "3.909090909090909": 2.703998604701084, "3.94949494949495": 2.7008884563761617, "3.98989898989899": 2.6978794845221743, "4.030303030303031": 2.694970040162878, "4.070707070707071": 2.6921584743220297, "4.111111111111111": 2.6894431380233854, "4.151515151515152": 2.686822382290702, "4.191919191919192": 2.6842945581477364, "4.232323232323233": 2.6818580166182455, "4.272727272727273": 2.6795111087259853, "4.313131313131313": 2.6772521854947122, "4.353535353535354": 2.675079597948183, "4.3939393939393945": 2.672991697110155, "4.434343434343434": 2.6709868340043834, "4.474747474747475": 2.669063359654626, "4.515151515151516": 2.6672196250846394, "4.555555555555555": 2.6654539813181795, "4.595959595959597": 2.6637647793790027, "4.636363636363637": 2.6621503702908664, "4.6767676767676765": 2.660609105077527, "4.717171717171718": 2.659139334762741, "4.757575757575758": 2.6577394103702647, "4.7979797979797985": 2.656407682923855, "4.838383838383839": 2.655142503447269, "4.878787878787879": 2.653942222964262, "4.91919191919192": 2.6528051924985916, "4.95959595959596": 2.6517297630740138, "5.0": 2.650714285714286}