{"0.01": 0.4968571428571427, "0.010404040404040405": 0.48576588816829613, "0.010808080808080808": 0.47490454788138686, "0.011212121212121211": 0.4642698240439285, "0.011616161616161616": 0.45385841870343446, "0.012020202020202021": 0.4436670339074174, "0.012424242424242424": 0.43369237170339114, "0.012828282828282828": 0.4239311341388681, "0.013232323232323233": 0.41438002326136175, "0.013636363636363637": 0.40503574111838553, "0.01404040404040404": 0.3958949897574527, "0.014444444444444444": 0.38695447122607624, "0.014848484848484849": 0.37821088757176907, "0.015252525252525254": 0.3696609408420447, "0.015656565656565657": 0.36130133308441625, "0.01606060606060606": 0.3531287663463972, "0.016464646464646467": 0.3451399426755003, "0.01686868686868687": 0.3373315641192389, "0.017272727272727273": 0.3297003327251261, "0.017676767676767676": 0.3222429505406751, "0.01808080808080808": 0.31495611961339937, "0.018484848484848486": 0.3078365419908119, "0.01888888888888889": 0.3008809197204258, "0.019292929292929292": 0.2940859548497544, "0.0196969696969697": 0.2874483494263107, "0.0201010101010101": 0.28096480549760827, "0.020505050505050505": 0.27463202511115986, "0.020909090909090912": 0.2684467103144788, "0.02131313131313131": 0.2624055631550784, "0.021717171717171718": 0.2565052856804718, "0.02212121212121212": 0.25074257993817217, "0.022525252525252525": 0.2451141479756927, "0.02292929292929293": 0.23961669184054651, "0.02333333333333333": 0.23424691358024688, "0.023737373737373738": 0.22900151524230694, "0.024141414141414144": 0.22387719887423987, "0.024545454545454544": 0.21887066652355905, "0.02494949494949495": 0.2139786202377774, "0.025353535353535354": 0.20919776206440827, "0.025757575757575757": 0.2045247940509648, "0.026161616161616164": 0.19995641824496013, "0.026565656565656563": 0.19548933669390764, "0.02696969696969697": 0.19112025144532027, "0.027373737373737377": 0.1868458645467113, "0.027777777777777776": 0.18266287804559408, "0.028181818181818183": 0.17856799398948153, "0.02858585858585859": 0.174557914425887, "0.02898989898989899": 0.17062934140232366, "0.029393939393939396": 0.16677897696630467, "0.029797979797979796": 0.16300352316534333, "0.030202020202020202": 0.1592996820469527, "0.03060606060606061": 0.1556641556586459, "0.03101010101010101": 0.1520936460479364, "0.031414141414141415": 0.14858485526233708, "0.03181818181818182": 0.14513448534936127, "0.03222222222222222": 0.14173923835652222, "0.03262626262626263": 0.13839581633133302, "0.03303030303030303": 0.13510092132130694, "0.033434343434343435": 0.13185125537395706, "0.03383838383838384": 0.12864352053679665, "0.03424242424242424": 0.1254744188573389, "0.03464646464646465": 0.12234065238309695, "0.035050505050505054": 0.119238923161584, "0.035454545454545454": 0.11616593324031335, "0.03585858585858586": 0.113118384666798, "0.03626262626262626": 0.11009297948855133, "0.03666666666666667": 0.10708641975308633, "0.037070707070707073": 0.10409540750791636, "0.03747474747474747": 0.10111664480055457, "0.03787878787878788": 0.09814683367851404, "0.038282828282828286": 0.09518267618930806, "0.038686868686868686": 0.09222087438044989, "0.03909090909090909": 0.08925813029945255, "0.03949494949494949": 0.08629114599382937, "0.0398989898989899": 0.08331662351109341, "0.040303030303030306": 0.08033126489875793, "0.040707070707070706": 0.07733177220433618, "0.04111111111111111": 0.07431484747534126, "0.04151515151515152": 0.07127719275928636, "0.04191919191919192": 0.06821551010368475, "0.042323232323232325": 0.0651265015560495, "0.04272727272727273": 0.062006869163893884, "0.04313131313131313": 0.05885331497473111, "0.04353535353535354": 0.055662541036074306, "0.04393939393939394": 0.05243124939543671, "0.044343434343434344": 0.04915614210033144, "0.04474747474747475": 0.045833921198271725, "0.04515151515151515": 0.04246128873677081, "0.04555555555555556": 0.039034946763341793, "0.045959595959595964": 0.035551597325497904, "0.046363636363636364": 0.03200794247075238, "0.04676767676767677": 0.0284006842466183, "0.04717171717171718": 0.024726524700608928, "0.04757575757575758": 0.020982165880237498, "0.04797979797979798": 0.017164309833017085, "0.04838383838383838": 0.013269658606460993, "0.04878787878787879": 0.00929491424808229, "0.049191919191919196": 0.005236778805394231, "0.049595959595959596": 0.0010919543259100737, "0.05": -0.0031428571428571365}