{"1.0": 0.5628571428571428, "1.0404040404040404": 0.5614268964416906, "1.0808080808080809": 0.559888359400654, "1.121212121212121": 0.5582428509150272, "1.1616161616161615": 0.5564916901658049, "1.202020202020202": 0.5546361963339822, "1.2424242424242424": 0.5526776886005537, "1.2828282828282829": 0.5506174861465137, "1.3232323232323233": 0.5484569081528573, "1.3636363636363638": 0.5461972738005794, "1.404040404040404": 0.5438399022706745, "1.4444444444444444": 0.5413861127441373, "1.4848484848484849": 0.5388372244019626, "1.5252525252525253": 0.5361945564251452, "1.5656565656565657": 0.5334594279946793, "1.606060606060606": 0.5306331582915604, "1.6464646464646466": 0.5277170664967828, "1.6868686868686869": 0.5247124717913413, "1.7272727272727273": 0.5216206933562303, "1.7676767676767677": 0.5184430503724453, "1.8080808080808082": 0.5151808620209803, "1.8484848484848486": 0.5118354474828303, "1.8888888888888888": 0.5084081259389901, "1.9292929292929295": 0.5049002165704541, "1.9696969696969697": 0.5013130385582175, "2.0101010101010104": 0.4976479110832747, "2.0505050505050506": 0.4939061533266205, "2.090909090909091": 0.49008908446924965, "2.1313131313131315": 0.4861980236921569, "2.1717171717171717": 0.4822342901763368, "2.212121212121212": 0.4781992031027843, "2.2525252525252526": 0.47409408165249395, "2.2929292929292933": 0.4699202450064606, "2.3333333333333335": 0.46567901234567893, "2.3737373737373737": 0.46137170285114365, "2.4141414141414144": 0.4569996357038495, "2.4545454545454546": 0.4525641300847912, "2.494949494949495": 0.4480665051749635, "2.5353535353535355": 0.4435080801553609, "2.575757575757576": 0.43889017420697846, "2.6161616161616164": 0.43421410651081077, "2.6565656565656566": 0.4294811962478527, "2.6969696969696972": 0.4246927625990986, "2.7373737373737375": 0.4198501247455435, "2.7777777777777777": 0.41495460186818206, "2.8181818181818183": 0.410007513148009, "2.858585858585859": 0.4050101777660189, "2.8989898989898992": 0.3999639149032067, "2.9393939393939394": 0.3948700437405671, "2.97979797979798": 0.38972988345909465, "3.0202020202020203": 0.3845447532397843, "3.060606060606061": 0.3793159722636306, "3.101010101010101": 0.3740448597116284, "3.1414141414141414": 0.36873273476477225, "3.181818181818182": 0.3633809166040571, "3.2222222222222223": 0.35799072441047747, "3.262626262626263": 0.35256347736502813, "3.303030303030303": 0.347100494648704, "3.3434343434343434": 0.3416030954424996, "3.383838383838384": 0.33607259892740965, "3.4242424242424243": 0.33051032428442895, "3.464646464646465": 0.32491759069455217, "3.505050505050505": 0.3192957173387742, "3.545454545454546": 0.3136460233980895, "3.585858585858586": 0.307969828053493, "3.6262626262626263": 0.3022684504859793, "3.666666666666667": 0.2965432098765432, "3.707070707070707": 0.2907954254061794, "3.747474747474748": 0.2850264162558826, "3.787878787878788": 0.2792375016066476, "3.8282828282828287": 0.27343000063946904, "3.868686868686869": 0.26760523253534174, "3.909090909090909": 0.2617645164752603, "3.94949494949495": 0.2559091716402195, "3.98989898989899": 0.2500405172112141, "4.030303030303031": 0.24415987236923867, "4.070707070707071": 0.23826855629528826, "4.111111111111111": 0.23236788817035742, "4.151515151515152": 0.22645918717544056, "4.191919191919192": 0.22054377249153292, "4.232323232323233": 0.21462296329962896, "4.272727272727273": 0.20869807878072336, "4.313131313131313": 0.20277043811581108, "4.353535353535354": 0.1968413604858866, "4.3939393939393945": 0.19091216507194467, "4.434343434343434": 0.18498417105498022, "4.474747474747475": 0.17905869761598775, "4.515151515151516": 0.173137063935962, "4.555555555555555": 0.16722058919589794, "4.595959595959597": 0.1613105925767898, "4.636363636363637": 0.15540839325963293, "4.6767676767676765": 0.14951531042542174, "4.717171717171718": 0.14363266325515067, "4.757575757575758": 0.137761770929815, "4.7979797979797985": 0.13190395263040908, "4.838383838383839": 0.12606052753792774, "4.878787878787879": 0.12023281483336581, "4.91919191919192": 0.11442213369771778, "4.95959595959596": 0.10862980331197852, "5.0": 0.10285714285714287}