{"1.0": 0.3072857142857142, "1.0404040404040404": 0.3046822040962433, "1.0808080808080809": 0.30234260077612785, "1.121212121212121": 0.30026261698713486, "1.1616161616161615": 0.2984379653910313, "1.202020202020202": 0.29686435864958455, "1.2424242424242424": 0.29553750942456175, "1.2828282828282829": 0.2944531303777298, "1.3232323232323233": 0.29360693417085604, "1.3636363636363638": 0.29299463346570775, "1.404040404040404": 0.2926119409240518, "1.4444444444444444": 0.2924545692076555, "1.4848484848484849": 0.29251823097828594, "1.5252525252525253": 0.2927986388977104, "1.5656565656565657": 0.2932915056276957, "1.606060606060606": 0.2939925438300093, "1.6464646464646466": 0.2948974661664182, "1.6868686868686869": 0.2960019852986896, "1.7272727272727273": 0.2973018138885906, "1.7676767676767677": 0.2987926645978885, "1.8080808080808082": 0.3004702500883502, "1.8484848484848486": 0.302330283021743, "1.8888888888888888": 0.30436847605983397, "1.9292929292929295": 0.3065805418643903, "1.9696969696969697": 0.3089621930971792, "2.0101010101010104": 0.31150914241996774, "2.0505050505050506": 0.31421710249452306, "2.090909090909091": 0.3170817859826123, "2.1313131313131315": 0.32009890554600273, "2.1717171717171717": 0.3232641738464612, "2.212121212121212": 0.32657330354575526, "2.2525252525252526": 0.33002200730565173, "2.2929292929292933": 0.33360599778791794, "2.3333333333333335": 0.33732098765432084, "2.3737373737373737": 0.3411626895666279, "2.4141414141414144": 0.34512681618660596, "2.4545454545454546": 0.34920908017602226, "2.494949494949495": 0.353405194196644, "2.5353535353535355": 0.35771087091023823, "2.575757575757576": 0.36212182297857226, "2.6161616161616164": 0.36663376306341305, "2.6565656565656566": 0.3712424038265278, "2.6969696969696972": 0.37594345792968376, "2.7373737373737375": 0.380732638034648, "2.7777777777777777": 0.3856056568031876, "2.8181818181818183": 0.3905582268970698, "2.858585858585859": 0.39558606097806176, "2.8989898989898992": 0.40068487170793055, "2.9393939393939394": 0.40585037174844335, "2.97979797979798": 0.41107827376136735, "3.0202020202020203": 0.41636429040846956, "3.060606060606061": 0.4217041343515174, "3.101010101010101": 0.4270935182522776, "3.1414141414141414": 0.4325281547725176, "3.181818181818182": 0.43800375657400453, "3.2222222222222223": 0.44351603631850545, "3.262626262626263": 0.4490607066677877, "3.303030303030303": 0.45463348028361805, "3.3434343434343434": 0.46023006982776393, "3.383838383838384": 0.4658461879619925, "3.4242424242424243": 0.4714775473480708, "3.464646464646465": 0.477119860647766, "3.505050505050505": 0.4827688405228453, "3.545454545454546": 0.48842019963507577, "3.585858585858586": 0.49406965064622443, "3.6262626262626263": 0.49971290621805875, "3.666666666666667": 0.5053456790123458, "3.707070707070707": 0.5109636816908525, "3.747474747474748": 0.5165626269153462, "3.787878787878788": 0.5221382273475939, "3.8282828282828287": 0.5276861956493627, "3.868686868686869": 0.53320224448242, "3.909090909090909": 0.5386820865085329, "3.94949494949495": 0.5441214343894684, "3.98989898989899": 0.5495160007869936, "4.030303030303031": 0.5548614983628759, "4.070707070707071": 0.5601536397788822, "4.111111111111111": 0.5653881376967796, "4.151515151515152": 0.5705607047783358, "4.191919191919192": 0.5756670536853171, "4.232323232323233": 0.5807028970794914, "4.272727272727273": 0.5856639476226255, "4.313131313131313": 0.5905459179764863, "4.353535353535354": 0.5953445208028415, "4.3939393939393945": 0.6000554687634578, "4.434343434343434": 0.6046744745201026, "4.474747474747475": 0.609197250734543, "4.515151515151516": 0.613619510068546, "4.555555555555555": 0.6179369651838789, "4.595959595959597": 0.6221453287423088, "4.636363636363637": 0.6262403134056028, "4.6767676767676765": 0.630217631835528, "4.717171717171718": 0.6340729966938519, "4.757575757575758": 0.6378021206423411, "4.7979797979797985": 0.6414007163427631, "4.838383838383839": 0.6448644964568853, "4.878787878787879": 0.648189173646474, "4.91919191919192": 0.6513704605732971, "4.95959595959596": 0.6544040698991216, "5.0": 0.6572857142857144}