{"1.0": 0.4968571428571427, "1.0404040404040404": 0.48576588816829586, "1.0808080808080809": 0.4749045478813868, "1.121212121212121": 0.4642698240439286, "1.1616161616161615": 0.45385841870343435, "1.202020202020202": 0.4436670339074174, "1.2424242424242424": 0.433692371703391, "1.2828282828282829": 0.42393113413886796, "1.3232323232323233": 0.4143800232613617, "1.3636363636363638": 0.40503574111838553, "1.404040404040404": 0.3958949897574527, "1.4444444444444444": 0.386954471226076, "1.4848484848484849": 0.37821088757176896, "1.5252525252525253": 0.36966094084204476, "1.5656565656565657": 0.3613013330844163, "1.606060606060606": 0.35312876634639717, "1.6464646464646466": 0.34513994267550013, "1.6868686868686869": 0.3373315641192388, "1.7272727272727273": 0.329700332725126, "1.7676767676767677": 0.32224295054067514, "1.8080808080808082": 0.3149561196133994, "1.8484848484848486": 0.30783654199081184, "1.8888888888888888": 0.3008809197204258, "1.9292929292929295": 0.2940859548497543, "1.9696969696969697": 0.2874483494263108, "2.0101010101010104": 0.2809648054976081, "2.0505050505050506": 0.2746320251111598, "2.090909090909091": 0.2684467103144788, "2.1313131313131315": 0.2624055631550784, "2.1717171717171717": 0.2565052856804718, "2.212121212121212": 0.2507425799381722, "2.2525252525252526": 0.24511414797569267, "2.2929292929292933": 0.23961669184054646, "2.3333333333333335": 0.23424691358024682, "2.3737373737373737": 0.22900151524230694, "2.4141414141414144": 0.22387719887423987, "2.4545454545454546": 0.21887066652355902, "2.494949494949495": 0.21397862023777742, "2.5353535353535355": 0.20919776206440824, "2.575757575757576": 0.20452479405096471, "2.6161616161616164": 0.19995641824496016, "2.6565656565656566": 0.1954893366939076, "2.6969696969696972": 0.19112025144532024, "2.7373737373737375": 0.18684586454671137, "2.7777777777777777": 0.18266287804559406, "2.8181818181818183": 0.17856799398948156, "2.858585858585859": 0.17455791442588697, "2.8989898989898992": 0.17062934140232366, "2.9393939393939394": 0.16677897696630473, "2.97979797979798": 0.1630035231653433, "3.0202020202020203": 0.1592996820469527, "3.060606060606061": 0.15566415565864594, "3.101010101010101": 0.15209364604793638, "3.1414141414141414": 0.1485848552623371, "3.181818181818182": 0.1451344853493613, "3.2222222222222223": 0.14173923835652225, "3.262626262626263": 0.13839581633133305, "3.303030303030303": 0.13510092132130694, "3.3434343434343434": 0.1318512553739571, "3.383838383838384": 0.12864352053679667, "3.4242424242424243": 0.12547441885733893, "3.464646464646465": 0.12234065238309698, "3.505050505050505": 0.11923892316158406, "3.545454545454546": 0.11616593324031334, "3.585858585858586": 0.11311838466679804, "3.6262626262626263": 0.11009297948855133, "3.666666666666667": 0.10708641975308637, "3.707070707070707": 0.1040954075079164, "3.747474747474748": 0.10111664480055454, "3.787878787878788": 0.09814683367851407, "3.8282828282828287": 0.09518267618930809, "3.868686868686869": 0.09222087438044989, "3.909090909090909": 0.08925813029945258, "3.94949494949495": 0.08629114599382932, "3.98989898989899": 0.08331662351109342, "4.030303030303031": 0.08033126489875791, "4.070707070707071": 0.07733177220433618, "4.111111111111111": 0.07431484747534131, "4.151515151515152": 0.07127719275928633, "4.191919191919192": 0.06821551010368473, "4.232323232323233": 0.0651265015560495, "4.272727272727273": 0.062006869163893884, "4.313131313131313": 0.058853314974731126, "4.353535353535354": 0.05566254103607431, "4.3939393939393945": 0.05243124939543666, "4.434343434343434": 0.049156142100331465, "4.474747474747475": 0.045833921198271746, "4.515151515151516": 0.04246128873677078, "4.555555555555555": 0.03903494676334182, "4.595959595959597": 0.035551597325497855, "4.636363636363637": 0.03200794247075235, "4.6767676767676765": 0.028400684246618353, "4.717171717171718": 0.024726524700608894, "4.757575757575758": 0.02098216588023748, "4.7979797979797985": 0.017164309833017057, "4.838383838383839": 0.013269658606460899, "4.878787878787879": 0.009294914248082282, "4.91919191919192": 0.005236778805394216, "4.95959595959596": 0.0010919543259099826, "5.0": -0.003142857142857138}