{"0.01": 3.3007142857142857, "0.010404040404040405": 3.2859859219143996, "0.010808080808080808": 3.271477460874972, "0.011212121212121211": 3.2571872536197604, "0.011616161616161616": 3.2431136511725236, "0.012020202020202021": 3.2292550045570145, "0.012424242424242424": 3.2156096647969945, "0.012828282828282828": 3.2021759829162146, "0.013232323232323233": 3.1889523099384336, "0.013636363636363637": 3.17593699688741, "0.01404040404040404": 3.163128394786899, "0.014444444444444444": 3.1505248546606586, "0.014848484848484849": 3.138124727532442, "0.015252525252525254": 3.125926364426008, "0.015656565656565657": 3.1139281163651127, "0.01606060606060606": 3.102128334373514, "0.016464646464646467": 3.090525369474968, "0.01686868686868687": 3.0791175726932303, "0.017272727272727273": 3.067903295052056, "0.017676767676767676": 3.056880887575204, "0.01808080808080808": 3.0460487012864323, "0.018484848484848486": 3.0354050872094955, "0.01888888888888889": 3.0249483963681496, "0.019292929292929292": 3.0146769797861532, "0.0196969696969697": 3.00458918848726, "0.0201010101010101": 2.9946833734952305, "0.020505050505050505": 2.9849578858338175, "0.020909090909090912": 2.9754110765267803, "0.02131313131313131": 2.966041296597873, "0.021717171717171718": 2.956846897070854, "0.02212121212121212": 2.9478262289694808, "0.022525252525252525": 2.938977643317508, "0.02292929292929293": 2.9302994911386926, "0.02333333333333333": 2.921790123456791, "0.023737373737373738": 2.9134478912955606, "0.024141414141414144": 2.9052711456787574, "0.024545454545454544": 2.897258237630139, "0.02494949494949495": 2.8894075181734613, "0.025353535353535354": 2.8817173383324803, "0.025757575757575757": 2.874186049130953, "0.026161616161616164": 2.866812001592636, "0.026565656565656563": 2.859593546741287, "0.02696969696969697": 2.852529035600661, "0.027373737373737377": 2.8456168191945155, "0.027777777777777776": 2.8388552485466074, "0.028181818181818183": 2.8322426746806917, "0.02858585858585859": 2.825777448620527, "0.02898989898989899": 2.819457921389868, "0.029393939393939396": 2.8132824440124717, "0.029797979797979796": 2.807249367512096, "0.030202020202020202": 2.8013570429124965, "0.03060606060606061": 2.79560382123743, "0.03101010101010101": 2.7899880535106534, "0.031414141414141415": 2.7845080907559234, "0.03181818181818182": 2.779162283996995, "0.03222222222222222": 2.7739489842576264, "0.03262626262626263": 2.7688665425615735, "0.03303030303030303": 2.763913309932594, "0.033434343434343435": 2.759087637394443, "0.03383838383838384": 2.7543878759708775, "0.03424242424242424": 2.7498123766856546, "0.03464646464646465": 2.7453594905625316, "0.035050505050505054": 2.7410275686252623, "0.035454545454545454": 2.7368149618976068, "0.03585858585858586": 2.7327200214033187, "0.03626262626262626": 2.728741098166157, "0.03666666666666667": 2.7248765432098763, "0.037070707070707073": 2.7211247075582348, "0.03747474747474747": 2.7174839422349883, "0.03787878787878788": 2.713952598263893, "0.038282828282828286": 2.7105290266687057, "0.038686868686868686": 2.707211578473184, "0.03909090909090909": 2.703998604701084, "0.03949494949494949": 2.7008884563761617, "0.0398989898989899": 2.697879484522174, "0.040303030303030306": 2.694970040162877, "0.040707070707070706": 2.6921584743220293, "0.04111111111111111": 2.689443138023385, "0.04151515151515152": 2.6868223822907025, "0.04191919191919192": 2.684294558147737, "0.042323232323232325": 2.6818580166182455, "0.04272727272727273": 2.6795111087259844, "0.04313131313131313": 2.677252185494712, "0.04353535353535354": 2.6750795979481836, "0.04393939393939394": 2.672991697110155, "0.044343434343434344": 2.6709868340043834, "0.04474747474747475": 2.6690633596546256, "0.04515151515151515": 2.6672196250846385, "0.04555555555555556": 2.665453981318179, "0.045959595959595964": 2.6637647793790022, "0.046363636363636364": 2.6621503702908664, "0.04676767676767677": 2.6606091050775267, "0.04717171717171718": 2.659139334762741, "0.04757575757575758": 2.6577394103702647, "0.04797979797979798": 2.6564076829238545, "0.04838383838383838": 2.6551425034472684, "0.04878787878787879": 2.6539422229642615, "0.049191919191919196": 2.652805192498591, "0.049595959595959596": 2.6517297630740133, "0.05": 2.650714285714286}