{"0.01": 0.5628571428571427, "0.010404040404040405": 0.561426896441691, "0.010808080808080808": 0.559888359400654, "0.011212121212121211": 0.558242850915027, "0.011616161616161616": 0.556491690165805, "0.012020202020202021": 0.5546361963339822, "0.012424242424242424": 0.5526776886005538, "0.012828282828282828": 0.550617486146514, "0.013232323232323233": 0.5484569081528574, "0.013636363636363637": 0.5461972738005794, "0.01404040404040404": 0.5438399022706747, "0.014444444444444444": 0.5413861127441376, "0.014848484848484849": 0.5388372244019628, "0.015252525252525254": 0.5361945564251452, "0.015656565656565657": 0.5334594279946795, "0.01606060606060606": 0.5306331582915607, "0.016464646464646467": 0.527717066496783, "0.01686868686868687": 0.5247124717913416, "0.017272727272727273": 0.5216206933562306, "0.017676767676767676": 0.5184430503724453, "0.01808080808080808": 0.5151808620209803, "0.018484848484848486": 0.5118354474828305, "0.01888888888888889": 0.5084081259389903, "0.019292929292929292": 0.5049002165704545, "0.0196969696969697": 0.5013130385582177, "0.0201010101010101": 0.49764791108327505, "0.020505050505050505": 0.4939061533266208, "0.020909090909090912": 0.4900890844692499, "0.02131313131313131": 0.48619802369215703, "0.021717171717171718": 0.48223429017633695, "0.02212121212121212": 0.47819920310278446, "0.022525252525252525": 0.4740940816524942, "0.02292929292929293": 0.4699202450064609, "0.02333333333333333": 0.4656790123456792, "0.023737373737373738": 0.4613717028511438, "0.024141414141414144": 0.4569996357038496, "0.024545454545454544": 0.45256413008479146, "0.02494949494949495": 0.44806650517496366, "0.025353535353535354": 0.44350808015536114, "0.025757575757575757": 0.4388901742069788, "0.026161616161616164": 0.434214106510811, "0.026565656565656563": 0.4294811962478529, "0.02696969696969697": 0.42469276259909877, "0.027373737373737377": 0.4198501247455437, "0.027777777777777776": 0.4149546018681823, "0.028181818181818183": 0.4100075131480091, "0.02858585858585859": 0.40501017776601916, "0.02898989898989899": 0.39996391490320693, "0.029393939393939396": 0.3948700437405672, "0.029797979797979796": 0.3897298834590949, "0.030202020202020202": 0.38454475323978443, "0.03060606060606061": 0.3793159722636307, "0.03101010101010101": 0.37404485971162854, "0.031414141414141415": 0.3687327347647724, "0.03181818181818182": 0.36338091660405714, "0.03222222222222222": 0.3579907244104776, "0.03262626262626263": 0.35256347736502824, "0.03303030303030303": 0.3471004946487042, "0.033434343434343435": 0.34160309544249967, "0.03383838383838384": 0.33607259892740965, "0.03424242424242424": 0.33051032428442906, "0.03464646464646465": 0.32491759069455234, "0.035050505050505054": 0.3192957173387742, "0.035454545454545454": 0.31364602339808956, "0.03585858585858586": 0.30796982805349304, "0.03626262626262626": 0.30226845048597945, "0.03666666666666667": 0.2965432098765433, "0.037070707070707073": 0.2907954254061795, "0.03747474747474747": 0.28502641625588276, "0.03787878787878788": 0.2792375016066476, "0.038282828282828286": 0.27343000063946904, "0.038686868686868686": 0.26760523253534174, "0.03909090909090909": 0.26176451647526033, "0.03949494949494949": 0.2559091716402196, "0.0398989898989899": 0.2500405172112141, "0.040303030303030306": 0.24415987236923872, "0.040707070707070706": 0.23826855629528831, "0.04111111111111111": 0.23236788817035733, "0.04151515151515152": 0.22645918717544067, "0.04191919191919192": 0.220543772491533, "0.042323232323232325": 0.21462296329962896, "0.04272727272727273": 0.20869807878072336, "0.04313131313131313": 0.20277043811581105, "0.04353535353535354": 0.1968413604858866, "0.04393939393939394": 0.19091216507194478, "0.044343434343434344": 0.1849841710549802, "0.04474747474747475": 0.17905869761598767, "0.04515151515151515": 0.17313706393596204, "0.04555555555555556": 0.16722058919589783, "0.045959595959595964": 0.16131059257678987, "0.046363636363636364": 0.15540839325963296, "0.04676767676767677": 0.1495153104254216, "0.04717171717171718": 0.14363266325515073, "0.04757575757575758": 0.137761770929815, "0.04797979797979798": 0.13190395263040908, "0.04838383838383838": 0.12606052753792785, "0.04878787878787879": 0.12023281483336581, "0.049191919191919196": 0.11442213369771778, "0.049595959595959596": 0.10862980331197863, "0.05": 0.10285714285714286}