{"0.01": 0.3072857142857141, "0.010404040404040405": 0.30468220409624347, "0.010808080808080808": 0.3023426007761278, "0.011212121212121211": 0.30026261698713475, "0.011616161616161616": 0.2984379653910313, "0.012020202020202021": 0.2968643586495845, "0.012424242424242424": 0.2955375094245618, "0.012828282828282828": 0.2944531303777299, "0.013232323232323233": 0.29360693417085615, "0.013636363636363637": 0.29299463346570775, "0.01404040404040404": 0.2926119409240518, "0.014444444444444444": 0.2924545692076557, "0.014848484848484849": 0.2925182309782861, "0.015252525252525254": 0.2927986388977104, "0.015656565656565657": 0.29329150562769574, "0.01606060606060606": 0.2939925438300094, "0.016464646464646467": 0.2948974661664184, "0.01686868686868687": 0.2960019852986898, "0.017272727272727273": 0.2973018138885907, "0.017676767676767676": 0.29879266459788845, "0.01808080808080808": 0.30047025008835027, "0.018484848484848486": 0.3023302830217431, "0.01888888888888889": 0.3043684760598341, "0.019292929292929292": 0.3065805418643905, "0.0196969696969697": 0.30896219309717937, "0.0201010101010101": 0.31150914241996785, "0.020505050505050505": 0.31421710249452317, "0.020909090909090912": 0.31708178598261255, "0.02131313131313131": 0.32009890554600284, "0.021717171717171718": 0.32326417384646133, "0.02212121212121212": 0.32657330354575537, "0.022525252525252525": 0.33002200730565184, "0.02292929292929293": 0.3336059977879181, "0.02333333333333333": 0.337320987654321, "0.023737373737373738": 0.341162689566628, "0.024141414141414144": 0.345126816186606, "0.024545454545454544": 0.34920908017602237, "0.02494949494949495": 0.3534051941966441, "0.025353535353535354": 0.35771087091023834, "0.025757575757575757": 0.36212182297857226, "0.026161616161616164": 0.3666337630634131, "0.026565656565656563": 0.37124240382652784, "0.02696969696969697": 0.37594345792968387, "0.027373737373737377": 0.380732638034648, "0.027777777777777776": 0.3856056568031877, "0.028181818181818183": 0.39055822689706987, "0.02858585858585859": 0.3955860609780619, "0.02898989898989899": 0.4006848717079305, "0.029393939393939396": 0.4058503717484434, "0.029797979797979796": 0.4110782737613673, "0.030202020202020202": 0.4163642904084695, "0.03060606060606061": 0.4217041343515172, "0.03101010101010101": 0.42709351825227754, "0.031414141414141415": 0.4325281547725176, "0.03181818181818182": 0.4380037565740046, "0.03222222222222222": 0.44351603631850534, "0.03262626262626263": 0.4490607066677875, "0.03303030303030303": 0.454633480283618, "0.033434343434343435": 0.4602300698277639, "0.03383838383838384": 0.4658461879619925, "0.03424242424242424": 0.4714775473480707, "0.03464646464646465": 0.47711986064776596, "0.035050505050505054": 0.4827688405228452, "0.035454545454545454": 0.48842019963507555, "0.03585858585858586": 0.4940696506462244, "0.03626262626262626": 0.4997129062180587, "0.03666666666666667": 0.5053456790123456, "0.037070707070707073": 0.5109636816908524, "0.03747474747474747": 0.516562626915346, "0.03787878787878788": 0.5221382273475936, "0.038282828282828286": 0.5276861956493626, "0.038686868686868686": 0.5332022444824198, "0.03909090909090909": 0.5386820865085329, "0.03949494949494949": 0.5441214343894681, "0.0398989898989899": 0.5495160007869935, "0.040303030303030306": 0.5548614983628757, "0.040707070707070706": 0.560153639778882, "0.04111111111111111": 0.5653881376967795, "0.04151515151515152": 0.5705607047783356, "0.04191919191919192": 0.5756670536853171, "0.042323232323232325": 0.5807028970794912, "0.04272727272727273": 0.5856639476226253, "0.04313131313131313": 0.5905459179764863, "0.04353535353535354": 0.5953445208028415, "0.04393939393939394": 0.6000554687634576, "0.044343434343434344": 0.6046744745201025, "0.04474747474747475": 0.6091972507345428, "0.04515151515151515": 0.6136195100685458, "0.04555555555555556": 0.6179369651838786, "0.045959595959595964": 0.6221453287423085, "0.046363636363636364": 0.6262403134056026, "0.04676767676767677": 0.6302176318355279, "0.04717171717171718": 0.6340729966938518, "0.04757575757575758": 0.637802120642341, "0.04797979797979798": 0.6414007163427631, "0.04838383838383838": 0.6448644964568849, "0.04878787878787879": 0.648189173646474, "0.049191919191919196": 0.6513704605732971, "0.049595959595959596": 0.6544040698991213, "0.05": 0.6572857142857143}