{"0.01": 0.4021428571428569, "0.010404040404040405": 0.39502232007129456, "0.010808080808080808": 0.38794708273281875, "0.011212121212121211": 0.3809181345131756, "0.011616161616161616": 0.37393646479811143, "0.012020202020202021": 0.36700306297337193, "0.012424242424242424": 0.3601189184247035, "0.012828282828282828": 0.3532850205378518, "0.013232323232323233": 0.34650235869856294, "0.013636363636363637": 0.33977192229258324, "0.01404040404040404": 0.3330947007056586, "0.014444444444444444": 0.32647168332353516, "0.014848484848484849": 0.31990385953195855, "0.015252525252525254": 0.3133922187166752, "0.015656565656565657": 0.3069377502634311, "0.01606060606060606": 0.30054144355797247, "0.016464646464646467": 0.29420428798604487, "0.01686868686868687": 0.2879272729333947, "0.017272727272727273": 0.2817113877857679, "0.017676767676767676": 0.2755576219289104, "0.01808080808080808": 0.26946696474856857, "0.018484848484848486": 0.2634404056304882, "0.01888888888888889": 0.25747893396041527, "0.019292929292929292": 0.25158353912409614, "0.0196969696969697": 0.24575521050727647, "0.0201010101010101": 0.2399949374957027, "0.020505050505050505": 0.23430370947512047, "0.020909090909090912": 0.22868251583127608, "0.02131313131313131": 0.2231323459499155, "0.021717171717171718": 0.21765418921678473, "0.02212121212121212": 0.21224903501762998, "0.022525252525252525": 0.20691787273819712, "0.02292929292929293": 0.20166169176423224, "0.02333333333333333": 0.19648148148148145, "0.023737373737373738": 0.19137823127569065, "0.024141414141414144": 0.18635293053260596, "0.024545454545454544": 0.18140656863797355, "0.02494949494949495": 0.17654013497753926, "0.025353535353535354": 0.17175461893704924, "0.025757575757575757": 0.16705100990224955, "0.026161616161616164": 0.1624302972588861, "0.026565656565656563": 0.15789347039270518, "0.02696969696969697": 0.15344151868945252, "0.027373737373737377": 0.14907543153487438, "0.027777777777777776": 0.14479619831471685, "0.028181818181818183": 0.14060480841472575, "0.02858585858585859": 0.13650225122064724, "0.02898989898989899": 0.13248951611822746, "0.029393939393939396": 0.12856759249321228, "0.029797979797979796": 0.12473746973134792, "0.030202020202020202": 0.12100013721838025, "0.03060606060606061": 0.11735658434005537, "0.03101010101010101": 0.11380780048211941, "0.031414141414141415": 0.11035477503031835, "0.03181818181818182": 0.10699849737039817, "0.03222222222222222": 0.10373995688810504, "0.03262626262626263": 0.10058014296918488, "0.03303030303030303": 0.09752004499938387, "0.033434343434343435": 0.0945606523644479, "0.03383838383838384": 0.09170295445012308, "0.03424242424242424": 0.08894794064215553, "0.03464646464646465": 0.08629660032629118, "0.035050505050505054": 0.0837499228882761, "0.035454545454545454": 0.08130889771385638, "0.03585858585858586": 0.07897451418877802, "0.03626262626262626": 0.07674776169878712, "0.03666666666666667": 0.07462962962962963, "0.037070707070707073": 0.07262110736705166, "0.03747474747474747": 0.07072318429679926, "0.03787878787878788": 0.06893684980461841, "0.038282828282828286": 0.0672630932762552, "0.038686868686868686": 0.06570290409745569, "0.03909090909090909": 0.06425727165396589, "0.03949494949494949": 0.06292718533153185, "0.0398989898989899": 0.061713634515899604, "0.040303030303030306": 0.0606176085928152, "0.040707070707070706": 0.05964009694802473, "0.04111111111111111": 0.05878208896727416, "0.04151515151515152": 0.05804457403630958, "0.04191919191919192": 0.05742854154087704, "0.042323232323232325": 0.05693498086672254, "0.04272727272727273": 0.056564881399592155, "0.04313131313131313": 0.05631923252523193, "0.04353535353535354": 0.056199023629387904, "0.04393939393939394": 0.0562052440978061, "0.044343434343434344": 0.05633888331623259, "0.04474747474747475": 0.056600930670413385, "0.04515151515151515": 0.05699237554609455, "0.04555555555555556": 0.05751420732902215, "0.045959595959595964": 0.05816741540494219, "0.046363636363636364": 0.05895298915960074, "0.04676767676767677": 0.05987191797874382, "0.04717171717171718": 0.0609251912481175, "0.04757575757575758": 0.06211379835346777, "0.04797979797979798": 0.06343872868054073, "0.04838383838383838": 0.06490097161508242, "0.04878787878787879": 0.06650151654283885, "0.049191919191919196": 0.0682413528495561, "0.049595959595959596": 0.07012146992098015, "0.05": 0.07214285714285713}